test_id,provider,model,agent_type,success,valid_json,confidence_score,detected_vulnerabilities,response_time,json_valid,summary,file_path,total_tokens,prompt_tokens,completion_tokens,timestamp,error
BankingSecurityModule,ollama,llama3:8b,source_code,True,True,1.0,1,22.28217601776123,False,"The BankingSecurityModule contains a vulnerable implementation of the SEED algorithm, which is a Korean domestic cryptographic standard.",data/test_files/source_code/BankingSecurityModule.java,0,0,0,1759125045.94817,
BlockchainCryptographyEngine,ollama,llama3:8b,source_code,True,True,0.8,3,20.419007778167725,False,"The code uses ECDSA for elliptic curve cryptography and SHA-256 for hashing, but does not appear to use any vulnerable RSA implementations or other known vulnerable algorithms.",data/test_files/source_code/BlockchainCryptographyEngine.java,0,0,0,1759125066.368444,
CorporateVPNManager,ollama,llama3:8b,source_code,True,True,0.8,4,21.97821283340454,False,The code contains vulnerable implementations of DES and insecure use of SecureRandom. It does not appear to use any quantum-vulnerable RSA algorithms or elliptic curve cryptography.,data/test_files/source_code/CorporateVPNManager.java,0,0,0,1759125088.3478668,
DigitalCertificateValidator,ollama,llama3:8b,source_code,True,True,0.8,2,19.181777238845825,False,The Digital Certificate Validator code detects RSA and SHA-1 vulnerabilities.,data/test_files/source_code/DigitalCertificateValidator.java,0,0,0,1759125107.530838,
HardwareSecurity,ollama,llama3:8b,source_code,True,True,0.8,6,19.976255893707275,False,"The code contains vulnerable RSA implementations and usage patterns, as well as insecure random number generators and key derivation functions.",data/test_files/source_code/HardwareSecurity.java,0,0,0,1759125127.508375,
LegacyPKISystem,ollama,llama3:8b,source_code,True,True,0.8,4,19.532408237457275,False,"The analyzed code contains vulnerable implementations of DSA and SHA-1 algorithms, as well as the use of PKCS#1 v1.5 padding scheme. Additionally, it uses a legacy cryptographic library.",data/test_files/source_code/LegacyPKISystem.java,0,0,0,1759125147.0420868,
MediaStreamProtection,ollama,llama3:8b,source_code,True,True,0.8,3,21.24092388153076,False,"The Media Stream Protection System contains vulnerable cryptographic implementations, including RC4 and DES stream ciphers, as well as insecure random number generation using SecureRandom.",data/test_files/source_code/MediaStreamProtection.java,0,0,0,1759125168.284169,
QuantumResistantMessaging,ollama,llama3:8b,source_code,False,True,0.8,3,20.75572919845581,False,"The code implements a lattice-based key exchange and uses an insecure random number generator, which may be vulnerable to certain attacks.",data/test_files/source_code/QuantumResistantMessaging.java,0,0,0,1759125189.040887,
SecureChatApplication,ollama,llama3:8b,source_code,True,True,0.8,4,20.55135679244995,False,"The Secure Chat Application uses the ChaCha20-like algorithm for keystream generation and AES-128 for symmetric encryption. Additionally, it utilizes the SecureRandom class for generating random numbers.",data/test_files/source_code/SecureChatApplication.java,0,0,0,1759125209.593596,
SecureCloudStorage,ollama,llama3:8b,source_code,True,True,0.8,1,19.55738615989685,False,"The code uses AES-256 encryption, which is vulnerable to Grover's algorithm.",data/test_files/source_code/SecureCloudStorage.java,0,0,0,1759125229.15228,
a5_trivium_stream_ciphers,ollama,llama3:8b,source_code,False,True,0.8,1,21.02415895462036,False,"The code contains a vulnerable RC4 implementation, but no other cryptographic vulnerabilities were detected.",data/test_files/source_code/a5_trivium_stream_ciphers.py,0,0,0,1759125250.177834,
aes_advanced_encryption,ollama,llama3:8b,source_code,True,True,0.8,2,28.038450241088867,False,"The code contains a vulnerable implementation of the AES symmetric cipher, but no other detected vulnerabilities.",data/test_files/source_code/aes_advanced_encryption.java,0,0,0,1759125278.217231,
aria_korean_block_cipher,ollama,llama3:8b,source_code,True,True,1.0,1,22.014655113220215,False,"The code appears to implement a Korean domestic algorithm, specifically SEED, for block encryption.",data/test_files/source_code/aria_korean_block_cipher.py,0,0,0,1759125300.232948,
aria_sha256_ecdsa_government,ollama,llama3:8b,source_code,False,True,0.8,2,21.040484189987183,False,The code contains a vulnerable SEED algorithm implementation and uses SHA-1 hash function.,data/test_files/source_code/aria_sha256_ecdsa_government.py,0,0,0,1759125321.274365,
blowfish_symmetric_encryption,ollama,llama3:8b,source_code,False,True,0.8,1,22.644453048706055,False,"The code appears to use RC4 symmetric cipher, which is vulnerable to Grover's algorithm.",data/test_files/source_code/blowfish_symmetric_encryption.c,0,0,0,1759125343.920532,
camellia_block_cipher,ollama,llama3:8b,source_code,True,True,0.8,1,24.582861185073853,False,"The code contains a vulnerable symmetric cipher implementation, specifically CAMELLIA.",data/test_files/source_code/camellia_block_cipher.c,0,0,0,1759125368.50471,
cast_feistel_cipher,ollama,llama3:8b,source_code,True,True,0.8,1,24.150228023529053,False,"The code appears to implement the CAST-128 symmetric cipher, which is vulnerable to Grover's algorithm.",data/test_files/source_code/cast_feistel_cipher.c,0,0,0,1759125392.65596,
chacha20_poly1305_aead,ollama,llama3:8b,source_code,True,True,0.8,1,20.018505811691284,False,"The analyzed code contains a vulnerable implementation of AES-128 symmetric cipher, but no other cryptographic vulnerabilities were detected.",data/test_files/source_code/chacha20_poly1305_aead.java,0,0,0,1759125412.675524,
database_encryption_engine,ollama,llama3:8b,source_code,True,True,0.8,1,21.44433903694153,False,"The code uses a DES-like cipher for database encryption, which is vulnerable to Grover's algorithm.",data/test_files/source_code/database_encryption_engine.c,0,0,0,1759125434.12097,
diffie_hellman_key_exchange,ollama,llama3:8b,source_code,True,True,0.8,2,19.018281936645508,False,"The code uses the Diffie-Hellman key exchange algorithm and SecureRandom for generating random numbers, but does not use any vulnerable cryptographic algorithms or implementations.",data/test_files/source_code/diffie_hellman_key_exchange.java,0,0,0,1759125453.1405199,
elgamal_diffie_hellman_pki,ollama,llama3:8b,source_code,True,True,0.8,3,22.33605980873108,False,"The code contains implementations of ElGamal and DH algorithms, which are Korean domestic cryptographic algorithms.",data/test_files/source_code/elgamal_diffie_hellman_pki.py,0,0,0,1759125475.4778712,
elliptic_curve_crypto,ollama,llama3:8b,source_code,False,True,0.8,2,20.31177592277527,False,"The code appears to use elliptic curve cryptography (ECDSA) and has insecure random number generation, but no other vulnerable cryptographic algorithms or practices were detected.",data/test_files/source_code/elliptic_curve_crypto.py,0,0,0,1759125495.790486,
elliptic_curve_cryptography,ollama,llama3:8b,source_code,True,True,0.8,2,18.917418956756592,False,"The code appears to implement elliptic curve cryptography (ECDSA) and uses the SecureRandom class for random number generation, but does not appear to use any other vulnerable cryptographic algorithms or practices.",data/test_files/source_code/elliptic_curve_cryptography.java,0,0,0,1759125514.709291,
financial_transaction_processor,ollama,llama3:8b,source_code,True,True,1.0,1,19.21138095855713,False,"The code contains a Korean domestic cipher implementation, but no other vulnerable cryptographic algorithms or patterns were detected.",data/test_files/source_code/financial_transaction_processor.c,0,0,0,1759125533.9217238,
government_document_signer,ollama,llama3:8b,source_code,True,True,0.8,5,22.66119074821472,False,"The code contains vulnerable ECDSA and DSA implementations, as well as weak SHA-1 hash functions and PKCS#1 v1.5 padding schemes.",data/test_files/source_code/government_document_signer.c,0,0,0,1759125556.584128,
idea_international_encryption,ollama,llama3:8b,source_code,True,True,0.8,5,20.523130178451538,False,"The code contains vulnerable implementations of IDEA and DSA algorithms, as well as insecure random number generation.",data/test_files/source_code/idea_international_encryption.java,0,0,0,1759125577.108073,
iot_device_security,ollama,llama3:8b,source_code,True,True,0.8,5,23.671620845794678,False,"The IoT device security module contains several vulnerabilities, including the use of DES and DSA algorithms, insecure key derivation, and implementation-specific vulnerabilities.",data/test_files/source_code/iot_device_security.c,0,0,0,1759125600.7814,
lattice_isogeny_postquantum,ollama,llama3:8b,source_code,True,True,0.8,3,20.004008769989014,False,"The code appears to use lattice-based cryptography for encryption and key generation, which may be vulnerable to quantum attacks. Additionally, the Gaussian sampling function used in the code may not be suitable for generating cryptographically secure random numbers.",data/test_files/source_code/lattice_isogeny_postquantum.py,0,0,0,1759125620.78657,
legacy_authentication_system,ollama,llama3:8b,source_code,True,True,0.8,5,22.865369081497192,False,"The code contains vulnerable RSA implementations and usage patterns, as well as weak hash functions (MD5) and legacy cryptographic libraries.",data/test_files/source_code/legacy_authentication_system.c,0,0,0,1759125643.653188,
md5_sha1_weak_hash,ollama,llama3:8b,source_code,True,True,0.8,4,21.946757078170776,False,"The code uses DES and MD5, which are vulnerable to Grover's algorithm. Additionally, it uses insecure random number generation and a legacy cryptographic library.",data/test_files/source_code/md5_sha1_weak_hash.py,0,0,0,1759125665.6010802,
military_communication_system,ollama,llama3:8b,source_code,True,True,0.8,4,22.793212890625,False,"The code contains vulnerable cryptographic implementations, including DSA and SEED algorithms, as well as the DES symmetric cipher. Additionally, SHA-256 is used with reduced security.",data/test_files/source_code/military_communication_system.c,0,0,0,1759125688.395515,
mobile_secure_messenger,ollama,llama3:8b,source_code,True,True,0.8,3,22.251924991607666,False,"The code contains vulnerable ECDSA and DSA implementations, as well as a symmetric cipher (AES-128) that is vulnerable to Grover's algorithm.",data/test_files/source_code/mobile_secure_messenger.c,0,0,0,1759125710.6485472,
ntru_lattice_encryption,ollama,llama3:8b,source_code,True,True,0.8,3,19.63286280632019,False,"The code implements the NTRU lattice-based encryption algorithm, which is vulnerable to quantum attacks. Additionally, it uses the SecureRandom class for generating random numbers, which may not be suitable for cryptographic purposes.",data/test_files/source_code/ntru_lattice_encryption.java,0,0,0,1759125730.282667,
rc4_stream_generator,ollama,llama3:8b,source_code,True,True,0.8,1,20.93395686149597,False,"The code contains a vulnerable RC4 implementation, but no other cryptographic vulnerabilities were detected.",data/test_files/source_code/rc4_stream_generator.c,0,0,0,1759125751.2180622,
rsa_modular_exponentiation,ollama,llama3:8b,source_code,True,True,0.8,5,21.797184944152832,False,"The code contains vulnerable RSA implementations and usage patterns, as well as weak hash functions and legacy cryptographic libraries.",data/test_files/source_code/rsa_modular_exponentiation.py,0,0,0,1759125773.016602,
rsa_public_key_system,ollama,llama3:8b,source_code,True,True,0.8,4,19.784340858459473,False,"The code contains vulnerable RSA implementations and usage patterns, as well as DSA and AES-128 symmetric ciphers. Additionally, it uses PKCS#1 v1.5 padding scheme.",data/test_files/source_code/rsa_public_key_system.java,0,0,0,1759125792.8022552,
salsa20_stream_cipher,ollama,llama3:8b,source_code,True,True,0.8,1,21.86521005630493,False,"The provided source code contains a vulnerable implementation of the RC4 symmetric cipher, which is susceptible to attacks using Grover's algorithm.",data/test_files/source_code/salsa20_stream_cipher.c,0,0,0,1759125814.668743,
secure_video_streaming,ollama,llama3:8b,source_code,False,True,0.8,1,21.2294180393219,False,"The code appears to use a custom keystream generation algorithm similar to RC4, which is vulnerable to Grover's algorithm.",data/test_files/source_code/secure_video_streaming.c,0,0,0,1759125835.899575,
seed_aes_hybrid_banking,ollama,llama3:8b,source_code,True,True,0.8,2,23.30597710609436,False,"The KoreanBankingCipher class uses a vulnerable DES algorithm in its _banking_f_function function, while the InternationalStandardProcessor class does not appear to use any vulnerable cryptographic algorithms.",data/test_files/source_code/seed_aes_hybrid_banking.py,0,0,0,1759125859.206604,
seed_stream_cipher,ollama,llama3:8b,source_code,True,True,0.8,1,20.389377117156982,False,"The code uses a custom stream processing algorithm with a Feistel-like structure, which is vulnerable to Grover's algorithm due to the use of AES-128 as the block cipher.",data/test_files/source_code/seed_stream_cipher.py,0,0,0,1759125879.597246,
serpent_substitution_network,ollama,llama3:8b,source_code,True,True,0.8,1,23.675293922424316,False,The code contains a vulnerable RC4 implementation in the serpent_key_schedule function.,data/test_files/source_code/serpent_substitution_network.c,0,0,0,1759125903.273668,
sha1_rsa_legacy_documents,ollama,llama3:8b,source_code,False,True,0.8,2,18.447418212890625,False,"The code contains a vulnerable Korean domestic hash function, SimpleKoreanHash, which is not secure against quantum attacks.",data/test_files/source_code/sha1_rsa_legacy_documents.py,0,0,0,1759125921.722305,
skipjack_government_cipher,ollama,llama3:8b,source_code,True,True,0.8,1,26.790843725204468,False,"The code appears to use the RC4 algorithm, which is vulnerable to Grover's algorithm. No other cryptographic vulnerabilities were detected.",data/test_files/source_code/skipjack_government_cipher.c,0,0,0,1759125948.5142531,
smart_card_security,ollama,llama3:8b,source_code,True,True,0.8,1,18.45073890686035,False,"The code uses a TEA-like cipher for smart card authentication, which is vulnerable to Grover's algorithm.",data/test_files/source_code/smart_card_security.c,0,0,0,1759125966.966043,
tiger_hash_function,ollama,llama3:8b,source_code,True,True,0.8,1,23.123403072357178,False,The Tiger compression algorithm is detected as a symmetric cipher vulnerable to Grover's algorithm.,data/test_files/source_code/tiger_hash_function.c,0,0,0,1759125990.0905778,
twofish_advanced_encryption,ollama,llama3:8b,source_code,True,True,0.8,1,23.05739998817444,False,"The code appears to implement the Twofish symmetric cipher, which is vulnerable to Grover's algorithm.",data/test_files/source_code/twofish_advanced_encryption.c,0,0,0,1759126013.149368,
whirlpool_hash_digest,ollama,llama3:8b,source_code,False,True,0.8,2,26.528486967086792,False,"The code contains vulnerable cryptographic algorithms, including AES-128 and MD5 hash function.",data/test_files/source_code/whirlpool_hash_digest.c,0,0,0,1759126039.679321,
wireless_network_encryption,ollama,llama3:8b,source_code,True,True,0.8,1,20.41006588935852,False,"The code uses an RC4-like algorithm for keystream generation, which is vulnerable to Grover's algorithm.",data/test_files/source_code/wireless_network_encryption.c,0,0,0,1759126060.0909598,
advanced_block_standard_operations,ollama,llama3:8b,assembly_binary,True,True,0.8,6,24.26318907737732,False,"Vulnerable crypto algorithms detected: RSA, SEED, DES. Potential side-channel vulnerabilities and optimization patterns not detected.",data/test_files/assembly_binary/advanced_block_standard_operations.s,0,0,0,1759126084.3555572,
block_cipher_operations,ollama,llama3:8b,assembly_binary,True,True,0.8,6,21.31617307662964,False,"This binary contains vulnerable RSA and SEED implementations, as well as potential DES usage. Additionally, it appears to utilize a big integer library and has obfuscated crypto operations.",data/test_files/assembly_binary/block_cipher_operations.s,0,0,0,1759126105.672729,
elliptic_curve_point_operations,ollama,llama3:8b,assembly_binary,True,True,0.8,3,16.94517993927002,False,"The code contains RSA modular exponentiation and large integer arithmetic patterns, as well as AES-128 symmetric cipher patterns vulnerable to quantum attacks.",data/test_files/assembly_binary/elliptic_curve_point_operations.s,0,0,0,1759126122.619091,
elliptic_mathematical_operations,ollama,llama3:8b,assembly_binary,True,True,0.8,6,22.365509033203125,False,"Detected vulnerable crypto algorithms: RSA, SEED, DES. Confident in detection.",data/test_files/assembly_binary/elliptic_mathematical_operations.s,0,0,0,1759126144.985643,
ellipticsignature_securehashalgo1_operations,ollama,llama3:8b,assembly_binary,True,True,0.8,5,18.4162380695343,False,"The analyzed binary code contains vulnerable cryptographic algorithms, including RSA and SEED. The MD5 hash function is also detected.",data/test_files/assembly_binary/ellipticsignature_securehashalgo1_operations.s,0,0,0,1759126163.4034932,
feistel_network_operations,ollama,llama3:8b,assembly_binary,True,True,0.8,7,25.729029178619385,False,"This binary contains several vulnerabilities, including RSA modular exponentiation and large integer arithmetic patterns, SEED algorithm signatures, DES and 3DES symmetric cipher patterns, big integer library usage, and assembly-level obfuscation of vulnerable crypto operations.",data/test_files/assembly_binary/feistel_network_operations.s,0,0,0,1759126189.134012,
hash_digest_operations,ollama,llama3:8b,assembly_binary,True,True,0.8,7,23.501944065093994,False,"The analyzed assembly binary code contains vulnerable cryptographic algorithms, including RSA, DES, and MD5. Additionally, it uses a Korean crypto library and implements SEED algorithm.",data/test_files/assembly_binary/hash_digest_operations.s,0,0,0,1759126212.637291,
keyexchange_protocol_operations,ollama,llama3:8b,assembly_binary,True,True,0.8,3,15.617073774337769,False,"The code contains vulnerable RSA and AES-128 implementations, as well as big integer library usage.",data/test_files/assembly_binary/keyexchange_protocol_operations.s,0,0,0,1759126228.25559,
korean_blockcipher_operations,ollama,llama3:8b,assembly_binary,True,True,0.8,6,20.395166158676147,False,"Vulnerable crypto algorithms detected: RSA, SEED, DES. Possible Korean cryptographic library signatures and domestic algorithm implementations.",data/test_files/assembly_binary/korean_blockcipher_operations.s,0,0,0,1759126248.651745,
message_digest_128bit_operations,ollama,llama3:8b,assembly_binary,True,True,0.8,2,15.794363975524902,False,The code contains a vulnerable implementation of the DES symmetric cipher algorithm and uses MD5 for cryptographic hashing.,data/test_files/assembly_binary/message_digest_128bit_operations.s,0,0,0,1759126264.447215,
postquantum_multimodal_operations,ollama,llama3:8b,assembly_binary,True,True,0.8,6,22.97788906097412,False,"This binary contains vulnerable cryptographic algorithms, including RSA and SEED. It also uses big integer library operations and has cryptographic library calls.",data/test_files/assembly_binary/postquantum_multimodal_operations.s,0,0,0,1759126287.42617,
publickey_encryption_operations,ollama,llama3:8b,assembly_binary,True,True,0.8,3,16.323137998580933,False,"The analysis detected RSA and AES-128 cryptographic algorithms, as well as big integer library usage.",data/test_files/assembly_binary/publickey_encryption_operations.s,0,0,0,1759126303.7513752,
publickey_modular_operations,ollama,llama3:8b,assembly_binary,True,True,0.8,3,15.760303020477295,False,"The analyzed code contains vulnerable RSA and AES-128 cryptographic implementations, as well as big integer library usage.",data/test_files/assembly_binary/publickey_modular_operations.s,0,0,0,1759126319.51234,
publickeyalgo_messagedigest5_operations,ollama,llama3:8b,assembly_binary,True,True,0.8,3,18.04127311706543,False,"Detected RSA and SHA-1 cryptographic algorithms, but no evidence of other vulnerable crypto algorithms.",data/test_files/assembly_binary/publickeyalgo_messagedigest5_operations.s,0,0,0,1759126337.5545201,
rsa_modular_arithmetic,ollama,llama3:8b,assembly_binary,False,True,0.8,3,18.337924003601074,False,RSA modular exponentiation and DES symmetric cipher patterns detected in the provided assembly code.,data/test_files/assembly_binary/rsa_modular_arithmetic.s,0,0,0,1759126355.893388,
secure_hash_256bit_operations,ollama,llama3:8b,assembly_binary,True,True,0.8,3,17.24564790725708,False,"The code contains vulnerable RSA and AES-128 implementations, as well as big integer library usage.",data/test_files/assembly_binary/secure_hash_256bit_operations.s,0,0,0,1759126373.1401038,
stream_generator_operations,ollama,llama3:8b,assembly_binary,True,True,0.8,6,23.36265802383423,False,"The analysis detected RSA, SEED, and DES cryptographic algorithms, as well as big integer library usage. It also identified Korean crypto library signatures.",data/test_files/assembly_binary/stream_generator_operations.s,0,0,0,1759126396.503882,
stream_keygeneration_operations,ollama,llama3:8b,assembly_binary,True,True,0.8,3,15.307935953140259,False,"The code contains vulnerable RSA and AES-128 implementations, as well as big integer library usage.",data/test_files/assembly_binary/stream_keygeneration_operations.s,0,0,0,1759126411.812929,
elliptic_curve_key_exchange,ollama,llama3:8b,dynamic_analysis,True,True,0.9,9,25.54053282737732,False,"The secure_messaging_client process uses RSA key generation and modular exponentiation API calls, elliptic curve cryptography operations, DSA discrete logarithm algorithm, ARIA symmetric cipher, and ECDHE_ARIA_256_GCM_SHA384 network protocol with quantum-vulnerable cipher suites.",data/test_files/dynamic_analysis/elliptic_curve_key_exchange.json,0,0,0,1759126437.354763,
legacy_hash_verification,ollama,llama3:8b,dynamic_analysis,True,True,0.8,6,24.4980149269104,False,"The document integrity checker process uses vulnerable cryptographic algorithms, including MD5 and RC4. It also loads legacy hash and stream cipher libraries.",data/test_files/dynamic_analysis/legacy_hash_verification.json,0,0,0,1759126461.853868,
mobile_crypto_operations,ollama,llama3:8b,dynamic_analysis,True,True,0.8,8,25.18497586250305,False,"The banking mobile app uses RSA key generation and modular exponentiation API calls, elliptic curve cryptography operations, ARIA symmetric cipher, DES legacy block cipher, and ECDHE_ARIA_256_GCM_SHA384 cipher suite. It also loads libhardwarecrypto.so.1.0 and libkcrypto_mobile.so.1.0 cryptographic libraries.",data/test_files/dynamic_analysis/mobile_crypto_operations.json,0,0,0,1759126487.03999,
post_quantum_migration_test,ollama,llama3:8b,dynamic_analysis,True,True,0.8,6,22.897192001342773,False,"Vulnerable crypto algorithms detected: RSA, AES-128, NTRU. Korean cryptographic libraries used: libpqcrypto.so.1.0, libstatelesssig.so.1.0.",data/test_files/dynamic_analysis/post_quantum_migration_test.json,0,0,0,1759126509.938596,
rsa_key_generation_runtime,ollama,llama3:8b,dynamic_analysis,True,True,0.8,8,22.645453214645386,False,"The analysis detected several vulnerable cryptographic algorithms and implementations, including RSA key generation, DSA digital signatures, DES symmetric cipher usage, and potential side-channel information leakage.",data/test_files/dynamic_analysis/rsa_key_generation_runtime.json,0,0,0,1759126532.585611,
symmetric_encryption_benchmark,ollama,llama3:8b,dynamic_analysis,True,True,0.8,9,24.657758235931396,False,"Vulnerable cryptographic algorithms detected: RSA, DSA, SEED, AES-128. Potential side-channel information leakage in vulnerable crypto implementations.",data/test_files/dynamic_analysis/symmetric_encryption_benchmark.json,0,0,0,1759126557.245003,
cryptographic_operations_detailed,ollama,llama3:8b,logs_config,True,True,0.8,11,36.79226016998291,False,"The analysis detected several instances of quantum-vulnerable cryptographic algorithms and configurations, including RSA, elliptic curve cryptography, DSA, DH, ElGamal, SEED, ARIA, HIGHT, LEA, KCDSA, HAS-160, LSH, and legacy symmetric cipher. Additionally, the analysis identified certificate authority and PKI configurations using vulnerable algorithms, as well as log entries indicating quantum-vulnerable cryptographic operations.",data/test_files/logs_config/cryptographic_operations_detailed.log,0,0,0,1759126594.0397608,
enterprise_banking_pki_configuration,ollama,llama3:8b,logs_config,True,True,0.8,8,27.805041074752808,False,"The analyzed configuration and logs contain several vulnerabilities, including RSA certificate configurations, elliptic curve cipher suite configurations, discrete logarithm based algorithm configurations, Korean algorithm configuration parameters, symmetric cipher configurations vulnerable to quantum attacks, and legacy cryptographic protocol configurations.",data/test_files/logs_config/enterprise_banking_pki_configuration.conf,0,0,0,1759126621.848497,
nginx_mixed_security_gateway,ollama,llama3:8b,logs_config,True,True,0.8,7,24.7228422164917,False,"The analysis detected several vulnerable cryptographic algorithms and configurations, including RSA, ARIA, AES256-GCM-SHA384, TLSv1.1, and TLSv1.2.",data/test_files/logs_config/nginx_mixed_security_gateway.conf,0,0,0,1759126646.574442,
ssl_legacy_banking_configuration,ollama,llama3:8b,logs_config,False,True,0.8,5,19.176998138427734,False,"The analysis detected several vulnerable cryptographic configurations, including RSA certificate configurations and key specifications in config files, DHE-RSA-AES256-SHA cipher suite configuration, and legacy SSLv2 and SSLv3 protocol configurations.",data/test_files/logs_config/ssl_legacy_banking_configuration.conf,0,0,0,1759126665.7558222,
tls_cipher_negotiation_warnings,ollama,llama3:8b,logs_config,True,True,0.8,7,25.047289848327637,False,"The analysis detected several vulnerable cryptographic algorithms and configurations, including RSA-1024, 3DES-EDE-CBC-SHA, RC4-SHA, MD5, and SHA-1. Additionally, the use of Korean domestic ciphers ARIA-128 and SEED-CBC-SHA was detected.",data/test_files/logs_config/tls_cipher_negotiation_warnings.log,0,0,0,1759126690.805471,
BankingSecurityModule,ollama,qwen3:8b,source_code,True,True,0.95,1,47.818549156188965,True,"Detected Korean domestic algorithm SEED implementation with explicit constants and cryptographic functions. No evidence of quantum-vulnerable algorithms, weak hashes, or insecure RNGs.",data/test_files/source_code/BankingSecurityModule.java,0,0,0,1759126738.6263208,
BlockchainCryptographyEngine,ollama,qwen3:8b,source_code,True,True,0.85,1,51.8915638923645,True,The code implements elliptic curve cryptography (ECC) with secp256k1 parameters but lacks explicit ECDSA/ECDH functionality. No other quantum-vulnerable or vulnerable algorithms are detected.,data/test_files/source_code/BlockchainCryptographyEngine.java,0,0,0,1759126790.518822,
CorporateVPNManager,ollama,qwen3:8b,source_code,False,False,0.0,0,92.40401577949524,False,Failed to parse JSON response,data/test_files/source_code/CorporateVPNManager.java,0,0,0,1759126882.923588,
DigitalCertificateValidator,ollama,qwen3:8b,source_code,True,True,0.9,3,80.71991014480591,True,"Detected vulnerable RSA implementation with 1024-bit keys and SHA-1 hashing. No evidence of ECC, DSA, or other algorithms. Implementation-specific vulnerabilities include hardcoded primes and lack of padding schemes.",data/test_files/source_code/DigitalCertificateValidator.java,0,0,0,1759126963.6453278,
HardwareSecurity,ollama,qwen3:8b,source_code,True,True,0.85,1,54.73453187942505,True,"The code uses SHA-1 hash function, which is considered weak and vulnerable to collision attacks. No other cryptographic algorithms or patterns with explicit implementation evidence were found.",data/test_files/source_code/HardwareSecurity.java,0,0,0,1759127018.382005,
LegacyPKISystem,ollama,qwen3:8b,source_code,True,True,0.95,4,52.22355604171753,True,"The code implements DSA with weak parameters (1024-bit keys, SHA-1 hash) and uses deprecated cryptographic practices. No quantum-resistant algorithms are present.",data/test_files/source_code/LegacyPKISystem.java,0,0,0,1759127070.606793,
MediaStreamProtection,ollama,qwen3:8b,source_code,True,True,0.95,1,77.79076886177063,True,"The code implements RC4 and A5/1 stream ciphers, which are symmetric algorithms vulnerable to Grover's algorithm. No other quantum-vulnerable or weak cryptographic mechanisms were detected.",data/test_files/source_code/MediaStreamProtection.java,0,0,0,1759127148.399682,
QuantumResistantMessaging,ollama,qwen3:8b,source_code,False,True,1.0,0,57.09536790847778,True,"The code implements lattice-based post-quantum cryptography with no detectable use of quantum-vulnerable algorithms, weak hash functions, insecure RNGs, or hybrid systems. All cryptographic operations are explicitly designed for quantum resistance.",data/test_files/source_code/QuantumResistantMessaging.java,0,0,0,1759127205.4972732,
SecureChatApplication,ollama,qwen3:8b,source_code,False,True,1.0,0,59.21060609817505,True,"No explicit cryptographic algorithms or vulnerable patterns detected in the provided code. The implementation uses a custom ChaCha20-like stream cipher without direct references to quantum-vulnerable algorithms, weak hashes, or insecure RNGs.",data/test_files/source_code/SecureChatApplication.java,0,0,0,1759127264.710758,
SecureCloudStorage,ollama,qwen3:8b,source_code,True,True,0.95,0,74.36322212219238,True,"The code implements AES-256 manually with a custom key schedule and S-box, but does not use RSA, ECC, DSA, or other quantum-vulnerable algorithms. SecureRandom is used for randomness, and no weak hash functions or vulnerable padding schemes are present.",data/test_files/source_code/SecureCloudStorage.java,0,0,0,1759127339.074873,
a5_trivium_stream_ciphers,ollama,qwen3:8b,source_code,False,True,0.0,0,42.50995492935181,True,"NO cryptographic algorithms or libraries detected in the provided code. The implementation appears to be custom stream cipher logic without explicit references to any cryptographic primitives, protocols, or vulnerable algorithms.",data/test_files/source_code/a5_trivium_stream_ciphers.py,0,0,0,1759127381.586331,
aes_advanced_encryption,ollama,qwen3:8b,source_code,True,True,0.0,0,48.78168487548828,True,NOT DETECTED,data/test_files/source_code/aes_advanced_encryption.java,0,0,0,1759127430.3691678,
aria_korean_block_cipher,ollama,qwen3:8b,source_code,True,True,0.95,0,45.55039930343628,True,"The code implements a custom block cipher with substitution and diffusion layers, but contains no explicit references to cryptographic libraries, algorithms, or vulnerable patterns. No quantum-vulnerable or weak cryptographic implementations were detected.",data/test_files/source_code/aria_korean_block_cipher.py,0,0,0,1759127475.9209,
aria_sha256_ecdsa_government,ollama,qwen3:8b,source_code,True,True,0.0,0,55.5758011341095,True,No explicit cryptographic algorithm implementations or library references detected in the provided code.,data/test_files/source_code/aria_sha256_ecdsa_government.py,0,0,0,1759127531.499437,
blowfish_symmetric_encryption,ollama,qwen3:8b,source_code,False,True,0.0,0,57.45073318481445,True,"No explicit cryptographic algorithms or vulnerabilities detected in the provided code. The implementation appears to be a custom block cipher (Fish) without references to known vulnerable algorithms, hash functions, padding schemes, or insecure random number generators.",data/test_files/source_code/blowfish_symmetric_encryption.c,0,0,0,1759127588.9512372,
camellia_block_cipher,ollama,qwen3:8b,source_code,False,True,1.0,0,58.38577628135681,True,"The code implements the Camellia symmetric cipher but does not contain any explicit references to RSA, ECC, discrete logarithm algorithms, Korean domestic algorithms, weak hash functions, vulnerable padding schemes, insecure RNGs/KDFs, obfuscated implementations, hybrid systems, legacy libraries, or implementation-specific vulnerabilities in quantum-vulnerable algorithms.",data/test_files/source_code/camellia_block_cipher.c,0,0,0,1759127647.33838,
cast_feistel_cipher,ollama,qwen3:8b,source_code,False,True,1.0,0,58.74838900566101,True,"The code implements a symmetric block cipher (CAST) but contains no evidence of quantum-vulnerable algorithms, weak hash functions, padding schemes, or other cryptographic vulnerabilities listed in the query.",data/test_files/source_code/cast_feistel_cipher.c,0,0,0,1759127706.088866,
chacha20_poly1305_aead,ollama,qwen3:8b,source_code,True,True,1.0,0,60.504465103149414,True,"The code implements ChaCha20-Poly1305 AEAD cipher, which is quantum-resistant for symmetric cryptography. No vulnerable algorithms (RSA/ECC/DSA/etc.), weak hashes, insecure RNGs, or legacy crypto libraries are present in the provided source.",data/test_files/source_code/chacha20_poly1305_aead.java,0,0,0,1759127766.594527,
database_encryption_engine,ollama,qwen3:8b,source_code,True,True,0.9,0,85.2345609664917,True,"No explicit references to quantum-vulnerable cryptographic algorithms, ECC, DSA/DH/ElGamal, Korean domestic algorithms, or weak hash functions were found. The code implements a custom DES-like Feistel cipher without using standard crypto libraries, but this does not meet the criteria for detection under the specified constraints.",data/test_files/source_code/database_encryption_engine.c,0,0,0,1759127851.83077,
diffie_hellman_key_exchange,ollama,qwen3:8b,source_code,True,True,0.95,1,44.9625289440155,True,"The code implements Diffie-Hellman key exchange with 1024-bit and 2048-bit primes, which are discrete logarithm-based algorithms vulnerable to quantum attacks via Shor's algorithm. No other cryptographic vulnerabilities were detected.",data/test_files/source_code/diffie_hellman_key_exchange.java,0,0,0,1759127896.794446,
elgamal_diffie_hellman_pki,ollama,qwen3:8b,source_code,True,True,0.95,3,64.09636616706848,True,Detected vulnerable implementations of ElGamal and Diffie-Hellman cryptographic protocols with insecure random number generation. These algorithms are susceptible to quantum attacks via Shor's algorithm.,data/test_files/source_code/elgamal_diffie_hellman_pki.py,0,0,0,1759127960.892152,
elliptic_curve_crypto,ollama,qwen3:8b,source_code,False,True,0.95,1,52.78390884399414,True,Detected implementation of Elliptic Curve Cryptography (ECC) with ECDH key agreement using custom curve parameters. No other cryptographic vulnerabilities or algorithms were found.,data/test_files/source_code/elliptic_curve_crypto.py,0,0,0,1759128013.676563,
elliptic_curve_cryptography,ollama,qwen3:8b,source_code,True,True,0.95,1,41.53898000717163,True,"Detected standard ECC implementation using secp256k1 curve parameters, but no quantum-vulnerable algorithms or other cryptographic vulnerabilities found.",data/test_files/source_code/elliptic_curve_cryptography.java,0,0,0,1759128055.216576,
financial_transaction_processor,ollama,qwen3:8b,source_code,True,True,0.1,0,65.39160799980164,True,"No explicit cryptographic implementations or vulnerabilities detected in the provided code. The code appears to use a custom symmetric encryption algorithm with Korean-specific constants, but no standard cryptographic libraries or protocols are referenced.",data/test_files/source_code/financial_transaction_processor.c,0,0,0,1759128120.6096482,
government_document_signer,ollama,qwen3:8b,source_code,True,True,0.85,2,61.619454860687256,True,The code contains insecure random number generation using a fixed seed and simplified elliptic curve operations without complete cryptographic algorithm implementations.,data/test_files/source_code/government_document_signer.c,0,0,0,1759128182.230322,
idea_international_encryption,ollama,qwen3:8b,source_code,False,True,0.95,0,57.547473192214966,True,"The code implements a custom symmetric cipher with IDEA-like operations (64-bit block size, 128-bit key) but does not use any explicitly named quantum-vulnerable algorithms or cryptographic libraries from the specified categories. No evidence of RSA, ECC, DSA, Korean domestic algorithms, AES-128/3DES/DES/RC4, weak hashes, padding schemes, or insecure RNGs was found.",data/test_files/source_code/idea_international_encryption.java,0,0,0,1759128239.778813,
iot_device_security,ollama,qwen3:8b,source_code,True,True,0.95,0,64.81822609901428,True,"No explicit references to quantum-vulnerable cryptographic algorithms, weak hash functions, padding schemes, or legacy libraries were found. The code implements a custom lightweight cipher with substitution boxes and round constants but does not use any standard cryptographic primitives.",data/test_files/source_code/iot_device_security.c,0,0,0,1759128304.599158,
lattice_isogeny_postquantum,ollama,qwen3:8b,source_code,True,True,0.95,0,40.38046193122864,True,"The code implements a custom lattice-based post-quantum cryptography system without explicit references to any known vulnerable algorithms (RSA, ECC, DSA, etc.) or weak cryptographic primitives (MD5, SHA-1, AES-128). No direct usage of cryptographic libraries or deprecated protocols is detected.",data/test_files/source_code/lattice_isogeny_postquantum.py,0,0,0,1759128344.980862,
legacy_authentication_system,ollama,qwen3:8b,source_code,False,True,0.1,0,73.97648692131042,True,No explicit cryptographic library imports or function calls detected. Custom implementations of RSA and hash functions exist but lack direct references to known vulnerable algorithms or libraries.,data/test_files/source_code/legacy_authentication_system.c,0,0,0,1759128418.959481,
md5_sha1_weak_hash,ollama,qwen3:8b,source_code,True,True,0.95,0,44.875457763671875,True,"The code contains custom hash implementations (similar to MD5/SHA-1) but lacks explicit cryptographic library imports or function calls. No quantum-vulnerable algorithms, weak hashes, padding schemes, or insecure RNGs are explicitly detected.",data/test_files/source_code/md5_sha1_weak_hash.py,0,0,0,1759128463.836321,
military_communication_system,ollama,qwen3:8b,source_code,False,True,0.95,0,64.02775692939758,True,"No explicit cryptographic algorithm implementations or library references detected in the provided code. The code contains a custom hash function resembling SHA-256 but lacks any direct usage of RSA, ECC, discrete logarithm algorithms, Korean domestic ciphers, symmetric ciphers vulnerable to Grover's algorithm, weak hashes, padding schemes, RNG/KDFs, obfuscation techniques, hybrid systems, or legacy libraries.",data/test_files/source_code/military_communication_system.c,0,0,0,1759128527.8653069,
mobile_secure_messenger,ollama,qwen3:8b,source_code,False,True,0.1,0,48.40431523323059,True,NO CLEAR EVIDENCE OF VULNERABLE CRYPTOGRAPHIC ALGORITHMS OR PRACTICES FOUND IN THE PROVIDED CODE SNIPPET.,data/test_files/source_code/mobile_secure_messenger.c,0,0,0,1759128576.271026,
ntru_lattice_encryption,ollama,qwen3:8b,source_code,True,True,1.0,0,49.381359815597534,True,"The code implements NTRU lattice-based cryptography, which is a post-quantum algorithm. No quantum-vulnerable algorithms (RSA, ECC, DSA, etc.) or other vulnerable cryptographic primitives are explicitly detected in the provided source code.",data/test_files/source_code/ntru_lattice_encryption.java,0,0,0,1759128625.6541991,
rc4_stream_generator,ollama,qwen3:8b,source_code,True,True,0.95,1,43.44688701629639,True,"The code implements RC4 stream cipher (vulnerable to Grover's algorithm) but does not contain evidence of other quantum-vulnerable algorithms, hash functions, padding schemes, or implementation-specific vulnerabilities.",data/test_files/source_code/rc4_stream_generator.c,0,0,0,1759128669.103338,
rsa_modular_exponentiation,ollama,qwen3:8b,source_code,True,True,0.85,4,74.35828590393066,True,Detected quantum-vulnerable RSA implementation with 1024-bit keys and weak MD4 hash function implemented manually. Custom padding scheme lacks standard cryptographic protections.,data/test_files/source_code/rsa_modular_exponentiation.py,0,0,0,1759128743.464146,
rsa_public_key_system,ollama,qwen3:8b,source_code,True,True,0.95,1,61.7361741065979,True,"The code implements RSA with standard key generation and encryption/decryption operations, which is quantum-vulnerable due to Shor's algorithm. No other cryptographic algorithms or vulnerabilities were detected.",data/test_files/source_code/rsa_public_key_system.java,0,0,0,1759128805.201353,
salsa20_stream_cipher,ollama,qwen3:8b,source_code,True,True,1.0,0,56.490665912628174,True,"The analyzed code implements a stream cipher (Salsa20/ChaCha20-like) but does not use any quantum-vulnerable algorithms, weak hash functions, padding schemes, or legacy cryptographic libraries. No vulnerable crypto implementations were detected.",data/test_files/source_code/salsa20_stream_cipher.c,0,0,0,1759128861.693315,
secure_video_streaming,ollama,qwen3:8b,source_code,False,True,0.9,0,67.55332136154175,True,"The code implements a custom symmetric stream cipher (Salsa20-like) without explicit references to any cryptographic libraries, algorithms, or vulnerable patterns. No quantum-vulnerable RSA, ECC, DSA, or other specified algorithms are present. Weak hash functions, padding schemes, and insecure RNGs are also absent.",data/test_files/source_code/secure_video_streaming.c,0,0,0,1759128929.2480068,
seed_aes_hybrid_banking,ollama,qwen3:8b,source_code,True,True,0.0,0,53.946014165878296,True,No explicit cryptographic algorithm implementations or references detected in the provided code.,data/test_files/source_code/seed_aes_hybrid_banking.py,0,0,0,1759128983.1950521,
seed_stream_cipher,ollama,qwen3:8b,source_code,True,True,0.9,0,53.92262601852417,True,"The code implements a custom symmetric cipher with Feistel structure and custom round functions, but does not use any explicitly documented quantum-vulnerable algorithms (RSA), ECC variants, discrete logarithm schemes, Korean domestic algorithms, or vulnerable hash functions. No cryptographic libraries or API calls are present.",data/test_files/source_code/seed_stream_cipher.py,0,0,0,1759129037.11963,
serpent_substitution_network,ollama,qwen3:8b,source_code,False,True,1.0,0,55.19212532043457,True,"The code implements the Serpent block cipher but contains no explicit references to RSA, ECC/ECDSA/ECDH, discrete logarithm algorithms, Korean domestic algorithms, symmetric ciphers vulnerable to Grover's algorithm, weak hash functions, vulnerable padding schemes, insecure RNGs/KDFs, obfuscated implementations, hybrid systems, legacy libraries, or implementation-specific vulnerabilities in quantum-vulnerable algorithms.",data/test_files/source_code/serpent_substitution_network.c,0,0,0,1759129092.313081,
sha1_rsa_legacy_documents,ollama,qwen3:8b,source_code,True,True,0.85,5,61.48389196395874,True,"Detected vulnerable RSA implementation with weak keys and no padding, Korean domestic hash function (possibly HAS-160), and insecure random number generation. No ECC or other post-quantum algorithms detected.",data/test_files/source_code/sha1_rsa_legacy_documents.py,0,0,0,1759129153.799138,
skipjack_government_cipher,ollama,qwen3:8b,source_code,False,True,0.9,0,55.35487675666809,True,NO VULNERABLE CRYPTOGRAPHIC ALGORITHMS DETECTED,data/test_files/source_code/skipjack_government_cipher.c,0,0,0,1759129209.156279,
smart_card_security,ollama,qwen3:8b,source_code,False,True,1.0,0,62.88143706321716,True,"The code implements a custom TEA-like cipher without explicit references to any quantum-vulnerable algorithms (RSA, ECC/ECDSA/ECDH, DSA/DH/ElGamal), Korean domestic algorithms, or symmetric ciphers vulnerable to Grover's algorithm (AES-128, 3DES, DES, RC4). No weak hash functions, vulnerable padding schemes, insecure RNGs/KDFs, obfuscated implementations, hybrid systems, legacy libraries, or implementation-specific vulnerabilities were detected.",data/test_files/source_code/smart_card_security.c,0,0,0,1759129272.038782,
tiger_hash_function,ollama,qwen3:8b,source_code,False,True,1.0,0,55.75111508369446,True,"The code implements the TIGER cryptographic hash function and contains no evidence of RSA, ECC, discrete logarithm algorithms, Korean domestic algorithms, symmetric ciphers vulnerable to Grover's algorithm, weak hash functions, padding schemes, insecure RNGs/KDFs, obfuscated implementations, hybrid systems, legacy libraries, or implementation-specific vulnerabilities in quantum algorithms.",data/test_files/source_code/tiger_hash_function.c,0,0,0,1759129327.7924402,
twofish_advanced_encryption,ollama,qwen3:8b,source_code,False,True,0.9,0,66.94103288650513,True,"The code implements a custom symmetric block cipher (Twofish) but does not contain explicit references to any of the specified vulnerable algorithms (RSA, ECC/ECDSA/ECDH, DSA/DH/ElGamal, Korean domestic algorithms, AES-128/3DES/DES/RC4, MD5/SHA-1, PKCS#1 v1.5, insecure RNGs/KDFs, obfuscated implementations, hybrid systems, or legacy libraries).",data/test_files/source_code/twofish_advanced_encryption.c,0,0,0,1759129394.734787,
whirlpool_hash_digest,ollama,qwen3:8b,source_code,False,True,1.0,0,55.608647108078,True,"The code implements the Whirlpool hash function and contains no cryptographic algorithms from the specified vulnerable categories (RSA, ECC, DSA, Korean domestic algorithms, Grover-vulnerable ciphers, weak hashes, etc.). No cryptographic library imports or API calls are present.",data/test_files/source_code/whirlpool_hash_digest.c,0,0,0,1759129450.3446028,
wireless_network_encryption,ollama,qwen3:8b,source_code,True,True,0.95,1,60.63525128364563,True,"The code implements a custom RC4 stream cipher (vulnerable to Grover's algorithm) with fixed keys and IVs, but no other quantum-vulnerable or weak cryptographic algorithms are present.",data/test_files/source_code/wireless_network_encryption.c,0,0,0,1759129510.980961,
advanced_block_standard_operations,ollama,qwen3:8b,assembly_binary,True,True,0.85,2,65.40368914604187,True,Detected Korean cryptographic algorithms SEED S-boxes and ARIA transformations in the data section and function sub_401200.,data/test_files/assembly_binary/advanced_block_standard_operations.s,0,0,0,1759129576.386113,
block_cipher_operations,ollama,qwen3:8b,assembly_binary,True,True,0.0,0,55.83071804046631,True,NO cryptographic algorithms or library calls detected in the provided code snippet. All analysis points lack explicit evidence of vulnerable crypto implementations.,data/test_files/assembly_binary/block_cipher_operations.s,0,0,0,1759129632.219362,
elliptic_curve_point_operations,ollama,qwen3:8b,assembly_binary,True,True,0.1,0,63.29805588722229,True,NO CLEAR EVIDENCE OF VULNERABLE CRYPTOGRAPHIC ALGORITHMS OR LIBRARY CALLS FOUND IN THE PROVIDED ASSEMBLY CODE.,data/test_files/assembly_binary/elliptic_curve_point_operations.s,0,0,0,1759129695.518441,
elliptic_mathematical_operations,ollama,qwen3:8b,assembly_binary,True,True,0.0,0,51.0914146900177,True,NO VULNERABLE CRYPTOGRAPHIC ALGORITHMS DETECTED,data/test_files/assembly_binary/elliptic_mathematical_operations.s,0,0,0,1759129746.610826,
ellipticsignature_securehashalgo1_operations,ollama,qwen3:8b,assembly_binary,True,True,0.1,0,54.83978271484375,True,"NO CLEAR EVIDENCE OF VULNERABLE CRYPTOGRAPHIC ALGORITHMS OR LIBRARY CALLS FOUND IN THE PROVIDED ASSEMBLY CODE. ALL ANALYSIS POINTS LACK EXPLICIT FUNCTION CALLS, LIBRARY IMPORTS, OR DOCUMENTED API SIGNATURES REQUIRED FOR DETECTION.",data/test_files/assembly_binary/ellipticsignature_securehashalgo1_operations.s,0,0,0,1759129801.451545,
feistel_network_operations,ollama,qwen3:8b,assembly_binary,True,True,0.95,2,69.10259413719177,True,Detected Korean SEED cipher S-box implementation (data_402000) used in sub_401090 for byte-indexed lookup operations.,data/test_files/assembly_binary/feistel_network_operations.s,0,0,0,1759129870.5553,
hash_digest_operations,ollama,qwen3:8b,assembly_binary,True,True,0.95,1,59.098721981048584,True,"Detected MD5 and SHA-1 hash implementations through constant values (0x67452301, 0xefcdab89 for MD5; 0x67452301, 0xefcdab89, 0x5a827999 for SHA-1) and data processing patterns. No evidence of other cryptographic algorithms or vulnerable patterns.",data/test_files/assembly_binary/hash_digest_operations.s,0,0,0,1759129929.655904,
keyexchange_protocol_operations,ollama,qwen3:8b,assembly_binary,True,True,0.1,0,61.84456920623779,True,"NO CLEAR EVIDENCE OF CRYPTOGRAPHIC ALGORITHMS OR LIBRARIES DETECTED. THE CODE APPEARS TO PERFORM GENERIC INTEGER OPERATIONS WITHOUT SPECIFIC CRYPTOGRAPHIC FUNCTION CALLS, LIBRARY REFERENCES, OR IMPLEMENTATION SIGNATURES FOR KNOWN VULNERABLE ALGORITHMS.",data/test_files/assembly_binary/keyexchange_protocol_operations.s,0,0,0,1759129991.502363,
korean_blockcipher_operations,ollama,qwen3:8b,assembly_binary,True,True,0.95,2,56.00385403633118,True,Detected Korean SEED algorithm implementation through S-box patterns in data_402000 and data_402020. No other cryptographic algorithms or vulnerable patterns were explicitly identified.,data/test_files/assembly_binary/korean_blockcipher_operations.s,0,0,0,1759130047.5072489,
message_digest_128bit_operations,ollama,qwen3:8b,assembly_binary,True,True,0.95,1,41.63751673698425,True,Detected MD5 hash function implementation with characteristic constants and data processing patterns. No other cryptographic algorithms or libraries detected.,data/test_files/assembly_binary/message_digest_128bit_operations.s,0,0,0,1759130089.1457942,
postquantum_multimodal_operations,ollama,qwen3:8b,assembly_binary,True,True,0.1,0,53.52307391166687,True,"NO CLEAR EVIDENCE OF VULNERABLE CRYPTOGRAPHIC ALGORITHMS OR LIBRARY CALLS FOUND IN THE PROVIDED ASSEMBLY CODE. ALL DETECTIONS REQUIRE EXPLICIT FUNCTION CALLS, LIBRARY IMPORTS, OR DOCUMENTED API USAGE WHICH ARE NOT PRESENT HERE.",data/test_files/assembly_binary/postquantum_multimodal_operations.s,0,0,0,1759130142.670003,
publickey_encryption_operations,ollama,qwen3:8b,assembly_binary,True,True,0.0,0,81.02039504051208,True,"NO CLEAR EVIDENCE OF CRYPTOGRAPHIC ALGORITHMS OR LIBRARIES FOUND IN THE PROVIDED ASSEMBLY CODE. ALL ANALYSIS POINTS LACK EXPLICIT FUNCTION CALLS, LIBRARY IMPORTS, OR DOCUMENTED API SIGNATURES REQUIRED FOR DETECTION.",data/test_files/assembly_binary/publickey_encryption_operations.s,0,0,0,1759130223.691509,
publickey_modular_operations,ollama,qwen3:8b,assembly_binary,True,True,0.1,0,53.84786677360535,True,NO CLEAR EVIDENCE OF VULNERABLE CRYPTOGRAPHIC ALGORITHMS OR LIBRARY CALLS FOUND IN THE PROVIDED ASSEMBLY CODE,data/test_files/assembly_binary/publickey_modular_operations.s,0,0,0,1759130277.540444,
publickeyalgo_messagedigest5_operations,ollama,qwen3:8b,assembly_binary,True,True,0.1,0,54.520400047302246,True,"No explicit cryptographic algorithm implementations, library calls, or API signatures detected in the provided assembly code. The observed operations appear to be generic arithmetic and control flow patterns without clear ties to specific cryptographic algorithms or vulnerable constructs.",data/test_files/assembly_binary/publickeyalgo_messagedigest5_operations.s,0,0,0,1759130332.061823,
rsa_modular_arithmetic,ollama,qwen3:8b,assembly_binary,False,True,0.95,1,59.98859190940857,True,"Detected RSA modular exponentiation and large integer arithmetic patterns in the assembly code, but no evidence of other cryptographic algorithms or libraries.",data/test_files/assembly_binary/rsa_modular_arithmetic.s,0,0,0,1759130392.050978,
secure_hash_256bit_operations,ollama,qwen3:8b,assembly_binary,True,True,0.85,1,43.5126371383667,True,Detected SHA-256 cryptographic hash function implementation through initial hash values in data_403100. No other cryptographic algorithms or vulnerable patterns were found.,data/test_files/assembly_binary/secure_hash_256bit_operations.s,0,0,0,1759130435.565055,
stream_generator_operations,ollama,qwen3:8b,assembly_binary,True,True,0.0,0,66.74026393890381,True,"NO cryptographic algorithms or library calls detected in the provided assembly code. All operations appear to be custom data manipulation without explicit references to known cryptographic primitives, libraries, or vulnerable algorithm patterns.",data/test_files/assembly_binary/stream_generator_operations.s,0,0,0,1759130502.30627,
stream_keygeneration_operations,ollama,qwen3:8b,assembly_binary,True,True,0.0,0,45.275371074676514,True,NO cryptographic algorithm signatures or library calls detected in the provided assembly code. All analysis categories remain undetected due to lack of explicit evidence.,data/test_files/assembly_binary/stream_keygeneration_operations.s,0,0,0,1759130547.583512,
elliptic_curve_key_exchange,ollama,qwen3:8b,dynamic_analysis,True,True,0.95,8,86.00937128067017,True,"Detected quantum-vulnerable cryptographic operations including Elliptic Curve Cryptography (ECC) and ARIA, with ECDH-based key exchange and ECC certificates. Korean cryptographic library usage confirmed. No explicit vulnerable RNG or hash function calls found.",data/test_files/dynamic_analysis/elliptic_curve_key_exchange.json,0,0,0,1759130633.5939682,
legacy_hash_verification,ollama,qwen3:8b,dynamic_analysis,True,True,0.95,5,64.19911599159241,True,"Detected vulnerable cryptographic elements: RC4 stream cipher, MD5 and SHA-1 hash functions, weak random number generation via system_time_seed, and legacy_ssl_v3 protocol with quantum-vulnerable cipher suite.",data/test_files/dynamic_analysis/legacy_hash_verification.json,0,0,0,1759130697.794073,
mobile_crypto_operations,ollama,qwen3:8b,dynamic_analysis,True,True,0.85,8,88.68114185333252,True,"Detected vulnerable cryptographic elements include 3DES symmetric encryption, ARIA Korean algorithm usage, and SHA-256 hash functions. Quantum-vulnerable aspects include ECC operations with potential post-quantum readiness. No direct RSA or discrete log algorithms found.",data/test_files/dynamic_analysis/mobile_crypto_operations.json,0,0,0,1759130786.4762912,
post_quantum_migration_test,ollama,qwen3:8b,dynamic_analysis,False,False,0.0,0,93.19485092163086,False,Failed to parse JSON response,data/test_files/dynamic_analysis/post_quantum_migration_test.json,0,0,0,1759130879.67178,
rsa_key_generation_runtime,ollama,qwen3:8b,dynamic_analysis,True,True,0.95,6,64.9237642288208,True,"Detected RSA key generation, quantum-vulnerable cipher suites, and side-channel vulnerabilities in cryptographic implementations.",data/test_files/dynamic_analysis/rsa_key_generation_runtime.json,0,0,0,1759130944.596842,
symmetric_encryption_benchmark,ollama,qwen3:8b,dynamic_analysis,False,False,0.0,0,92.19781303405762,False,Failed to parse JSON response,data/test_files/dynamic_analysis/symmetric_encryption_benchmark.json,0,0,0,1759131036.795357,
cryptographic_operations_detailed,ollama,qwen3:8b,logs_config,True,True,0.85,8,77.76478886604309,True,RSA and Diffie-Hellman configurations detected with quantum-vulnerable properties. Domestic Korean cipher engine (likely SEED/ARIA) used. Legacy SHA-1 hash algorithm identified. Quantum vulnerability warnings present.,data/test_files/logs_config/cryptographic_operations_detailed.log,0,0,0,1759131114.5617259,
enterprise_banking_pki_configuration,ollama,qwen3:8b,logs_config,False,False,0.0,0,90.80960011482239,False,Failed to parse JSON response,data/test_files/logs_config/enterprise_banking_pki_configuration.conf,0,0,0,1759131205.373117,
nginx_mixed_security_gateway,ollama,qwen3:8b,logs_config,False,False,0.0,0,88.91092586517334,False,Failed to parse JSON response,data/test_files/logs_config/nginx_mixed_security_gateway.conf,0,0,0,1759131294.285206,
ssl_legacy_banking_configuration,ollama,qwen3:8b,logs_config,True,True,0.95,7,65.53491878509521,True,"Detected RSA-1024 certificates, Diffie-Hellman parameters with 1024-bit keys, RC4 and DES-CBC3 symmetric ciphers, TLSv1.0/TLSv1.1 protocols, and legacy SSLv2/SSLv3 disabled but vulnerable configurations present.",data/test_files/logs_config/ssl_legacy_banking_configuration.conf,0,0,0,1759131359.8221009,
tls_cipher_negotiation_warnings,ollama,qwen3:8b,logs_config,False,False,0.0,0,89.33760190010071,False,Failed to parse JSON response,data/test_files/logs_config/tls_cipher_negotiation_warnings.log,0,0,0,1759131449.160686,
BankingSecurityModule,ollama,codellama:7b,source_code,True,True,0.0,0,28.310786724090576,True,No vulnerable cryptographic algorithms detected.,data/test_files/source_code/BankingSecurityModule.java,0,0,0,1759131477.473192,
BlockchainCryptographyEngine,ollama,codellama:7b,source_code,True,True,0.8,3,29.810473918914795,True,"DETECTED: ECDSA (Evidence: import java.security.SecureRandom, line 14), DETECTED: AES (Evidence: Cipher.AES.new() call, line 23), DETECTED: OAEP (Evidence: import java.security.SecureRandom, line 14)",data/test_files/source_code/BlockchainCryptographyEngine.java,0,0,0,1759131507.286595,
CorporateVPNManager,ollama,codellama:7b,source_code,True,True,0.0,0,24.726958751678467,True,No vulnerable algorithms detected.,data/test_files/source_code/CorporateVPNManager.java,0,0,0,1759131532.0148659,
DigitalCertificateValidator,ollama,codellama:7b,source_code,True,True,0.8,2,25.249146938323975,True,"DETECTED: AES (Evidence: Cipher.AES.new() call, line 23)",data/test_files/source_code/DigitalCertificateValidator.java,0,0,0,1759131557.265549,
HardwareSecurity,ollama,codellama:7b,source_code,False,True,0.0,0,23.47155785560608,True,No vulnerable algorithms detected.,data/test_files/source_code/HardwareSecurity.java,0,0,0,1759131580.7386,
LegacyPKISystem,ollama,codellama:7b,source_code,True,True,0.5,0,23.810806035995483,True,No evidence of vulnerable cryptographic algorithms detected.,data/test_files/source_code/LegacyPKISystem.java,0,0,0,1759131604.550784,
MediaStreamProtection,ollama,codellama:7b,source_code,False,True,0.0,0,24.429481983184814,True,No vulnerable algorithms detected.,data/test_files/source_code/MediaStreamProtection.java,0,0,0,1759131628.981343,
QuantumResistantMessaging,ollama,codellama:7b,source_code,True,True,0.0,0,24.292235136032104,True,No vulnerable algorithms detected.,data/test_files/source_code/QuantumResistantMessaging.java,0,0,0,1759131653.274911,
SecureChatApplication,ollama,codellama:7b,source_code,False,True,0.0,0,24.82685089111328,True,No vulnerable algorithms detected.,data/test_files/source_code/SecureChatApplication.java,0,0,0,1759131678.103683,
SecureCloudStorage,ollama,codellama:7b,source_code,True,True,0.0,0,24.68187403678894,True,No vulnerable algorithms detected.,data/test_files/source_code/SecureCloudStorage.java,0,0,0,1759131702.787769,
a5_trivium_stream_ciphers,ollama,codellama:7b,source_code,False,True,0.8,3,29.826719999313354,False,"This source code potentially uses RSA and AES cryptography, but does not use any other vulnerable algorithms.",data/test_files/source_code/a5_trivium_stream_ciphers.py,0,0,0,1759131732.616342,
aes_advanced_encryption,ollama,codellama:7b,source_code,True,True,0.8,2,31.67961025238037,True,"DETECTED: RSA (Evidence: import RSA from Crypto.PublicKey, line 5), DETECTED: AES (Evidence: Cipher.AES.new() call, line 23)",data/test_files/source_code/aes_advanced_encryption.java,0,0,0,1759131764.2984471,
aria_korean_block_cipher,ollama,codellama:7b,source_code,True,True,0.8,3,31.181709051132202,False,The source code contains a potential vulnerability related to the use of RSA and AES-256 encryption.,data/test_files/source_code/aria_korean_block_cipher.py,0,0,0,1759131795.4824672,
aria_sha256_ecdsa_government,ollama,codellama:7b,source_code,True,True,0.5,0,27.349398136138916,True,No evidence of vulnerable cryptographic algorithms detected.,data/test_files/source_code/aria_sha256_ecdsa_government.py,0,0,0,1759131822.834761,
blowfish_symmetric_encryption,ollama,codellama:7b,source_code,False,True,0.5,0,27.491286039352417,True,No evidence of vulnerable cryptographic algorithms detected.,data/test_files/source_code/blowfish_symmetric_encryption.c,0,0,0,1759131850.328574,
camellia_block_cipher,ollama,codellama:7b,source_code,False,False,0.0,0,50.565118074417114,False,Failed to parse JSON response,data/test_files/source_code/camellia_block_cipher.c,0,0,0,1759131900.8944142,
cast_feistel_cipher,ollama,codellama:7b,source_code,False,False,0.0,0,48.20685386657715,False,Failed to parse JSON response,data/test_files/source_code/cast_feistel_cipher.c,0,0,0,1759131949.101977,
chacha20_poly1305_aead,ollama,codellama:7b,source_code,False,True,0.0,0,25.92462992668152,True,No vulnerable algorithms detected.,data/test_files/source_code/chacha20_poly1305_aead.java,0,0,0,1759131975.027928,
database_encryption_engine,ollama,codellama:7b,source_code,True,True,0.5,0,26.742172241210938,True,No evidence of vulnerable cryptographic algorithms detected.,data/test_files/source_code/database_encryption_engine.c,0,0,0,1759132001.773365,
diffie_hellman_key_exchange,ollama,codellama:7b,source_code,True,True,0.0,0,26.789669036865234,True,No vulnerable algorithms detected.,data/test_files/source_code/diffie_hellman_key_exchange.java,0,0,0,1759132028.565161,
elgamal_diffie_hellman_pki,ollama,codellama:7b,source_code,True,True,0.85,5,34.05504584312439,False,"The provided source code contains several potential vulnerabilities related to cryptography, including the use of quantum-vulnerable RSA and elliptic curve cryptography (ECC/ECDSA/ECDH), discrete logarithm based algorithms (DSA, DH, ElGamal), weak hash functions (MD5, SHA-1, SHA-256 with reduced security), vulnerable padding schemes (PKCS#1 v1.5, weak OAEP), and implementation-specific vulnerabilities in quantum-vulnerable algorithms.",data/test_files/source_code/elgamal_diffie_hellman_pki.py,0,0,0,1759132062.62241,
elliptic_curve_crypto,ollama,codellama:7b,source_code,False,True,0.5,0,27.020945072174072,True,No evidence of vulnerable cryptographic algorithms detected.,data/test_files/source_code/elliptic_curve_crypto.py,0,0,0,1759132089.64375,
elliptic_curve_cryptography,,,,False,False,0,0,60.02013325691223,False,,,0,0,0,0,"Ollama API Error for codellama:7b: HTTPConnectionPool(host='localhost', port=11434): Read timed out. (read timeout=60)"
financial_transaction_processor,ollama,codellama:7b,source_code,True,True,0.5,0,26.38220500946045,True,No evidence of vulnerable cryptographic algorithms detected.,data/test_files/source_code/financial_transaction_processor.c,0,0,0,1759132176.0491362,
government_document_signer,ollama,codellama:7b,source_code,True,True,0.5,0,27.15095090866089,True,No evidence of vulnerable cryptographic algorithms detected.,data/test_files/source_code/government_document_signer.c,0,0,0,1759132203.202125,
idea_international_encryption,ollama,codellama:7b,source_code,False,True,0.5,0,25.66965103149414,True,No evidence of vulnerable cryptographic algorithms detected.,data/test_files/source_code/idea_international_encryption.java,0,0,0,1759132228.875056,
iot_device_security,ollama,codellama:7b,source_code,True,True,0.5,0,26.58442187309265,True,No evidence of vulnerable cryptographic algorithms detected.,data/test_files/source_code/iot_device_security.c,0,0,0,1759132255.461053,
lattice_isogeny_postquantum,ollama,codellama:7b,source_code,False,True,0.0,0,25.19368290901184,True,No vulnerable algorithms detected.,data/test_files/source_code/lattice_isogeny_postquantum.py,0,0,0,1759132280.6567512,
legacy_authentication_system,ollama,codellama:7b,source_code,False,True,0.0,0,26.02971386909485,True,No evidence of vulnerable cryptographic algorithms detected.,data/test_files/source_code/legacy_authentication_system.c,0,0,0,1759132306.688467,
md5_sha1_weak_hash,ollama,codellama:7b,source_code,False,True,0.0,0,25.68379306793213,True,No vulnerable algorithms detected.,data/test_files/source_code/md5_sha1_weak_hash.py,0,0,0,1759132332.374578,
military_communication_system,ollama,codellama:7b,source_code,False,True,0.8,3,32.485573053359985,False,"This codebase appears to use RSA and AES cryptography, which are vulnerable to quantum attacks.",data/test_files/source_code/military_communication_system.c,0,0,0,1759132364.8629491,
mobile_secure_messenger,ollama,codellama:7b,source_code,True,True,0.5,0,27.165194034576416,True,No evidence of vulnerable cryptographic algorithms detected.,data/test_files/source_code/mobile_secure_messenger.c,0,0,0,1759132392.0301828,
ntru_lattice_encryption,ollama,codellama:7b,source_code,False,True,0.0,0,24.664140939712524,True,No vulnerable algorithms detected.,data/test_files/source_code/ntru_lattice_encryption.java,0,0,0,1759132416.6956239,
rc4_stream_generator,ollama,codellama:7b,source_code,True,True,0.8,2,31.345252990722656,False,"This codebase contains a potential vulnerability related to the use of RC4, which is a symmetric key block cipher that is vulnerable to attacks such as the Lin-Neal attack and the differential linear cryptanalysis (DLC) attack.",data/test_files/source_code/rc4_stream_generator.c,0,0,0,1759132448.043653,
rsa_modular_exponentiation,ollama,codellama:7b,source_code,False,True,0.0,0,25.724792957305908,True,No vulnerable algorithms detected.,data/test_files/source_code/rsa_modular_exponentiation.py,0,0,0,1759132473.770874,
rsa_public_key_system,ollama,codellama:7b,source_code,True,True,0.5,0,24.156264781951904,True,No evidence of vulnerable cryptographic algorithms detected.,data/test_files/source_code/rsa_public_key_system.java,0,0,0,1759132497.928384,
salsa20_stream_cipher,ollama,codellama:7b,source_code,True,True,0.5,0,27.94122290611267,True,No evidence of vulnerable cryptographic algorithms detected.,data/test_files/source_code/salsa20_stream_cipher.c,0,0,0,1759132525.871844,
secure_video_streaming,ollama,codellama:7b,source_code,False,True,0.5,0,27.40119433403015,True,No evidence of vulnerable cryptographic algorithms detected.,data/test_files/source_code/secure_video_streaming.c,0,0,0,1759132553.275446,
seed_aes_hybrid_banking,ollama,codellama:7b,source_code,True,True,0.8,3,32.49226689338684,False,This codebase contains a potential vulnerability related to the use of RSA and AES cryptography.,data/test_files/source_code/seed_aes_hybrid_banking.py,0,0,0,1759132585.7694201,
seed_stream_cipher,ollama,codellama:7b,source_code,True,True,0.8,4,32.29875993728638,False,"The source code contains several potential vulnerabilities related to cryptography, including the use of RSA and DSA for key generation, and the use of AES for symmetric encryption.",data/test_files/source_code/seed_stream_cipher.py,0,0,0,1759132618.069797,
serpent_substitution_network,ollama,codellama:7b,source_code,False,False,0.0,0,32.91911864280701,False,Failed to parse JSON response,data/test_files/source_code/serpent_substitution_network.c,0,0,0,1759132650.989524,
sha1_rsa_legacy_documents,ollama,codellama:7b,source_code,True,True,0.8,3,30.555964946746826,False,"This source code potentially uses RSA and AES cryptography, which are vulnerable to quantum attacks.",data/test_files/source_code/sha1_rsa_legacy_documents.py,0,0,0,1759132681.54791,
skipjack_government_cipher,ollama,codellama:7b,source_code,False,False,0.0,0,12.868844032287598,False,Failed to parse JSON response,data/test_files/source_code/skipjack_government_cipher.c,0,0,0,1759132694.417314,
smart_card_security,ollama,codellama:7b,source_code,False,True,0.0,0,24.622390031814575,True,No vulnerable algorithms detected.,data/test_files/source_code/smart_card_security.c,0,0,0,1759132719.0420759,
tiger_hash_function,ollama,codellama:7b,source_code,False,False,0.0,0,30.324744939804077,False,Failed to parse JSON response,data/test_files/source_code/tiger_hash_function.c,0,0,0,1759132749.367389,
twofish_advanced_encryption,ollama,codellama:7b,source_code,False,True,0.5,1,29.59333109855652,True,Detected RC4 vulnerability in keystream generation using a RC4-like algorithm.,data/test_files/source_code/twofish_advanced_encryption.c,0,0,0,1759132778.962657,
whirlpool_hash_digest,ollama,codellama:7b,source_code,False,False,0.0,0,54.6414999961853,False,Failed to parse JSON response,data/test_files/source_code/whirlpool_hash_digest.c,0,0,0,1759132833.605141,
wireless_network_encryption,ollama,codellama:7b,source_code,False,True,0.0,0,25.531985998153687,True,No vulnerable algorithms detected.,data/test_files/source_code/wireless_network_encryption.c,0,0,0,1759132859.13827,
advanced_block_standard_operations,,,,False,False,0,0,60.01099705696106,False,,,0,0,0,0,"Ollama API Error for codellama:7b: HTTPConnectionPool(host='localhost', port=11434): Read timed out. (read timeout=60)"
block_cipher_operations,ollama,codellama:7b,assembly_binary,False,False,0.0,0,31.8942711353302,False,Failed to parse JSON response,data/test_files/assembly_binary/block_cipher_operations.s,0,0,0,1759132951.044075,
elliptic_curve_point_operations,ollama,codellama:7b,assembly_binary,True,True,0.8,5,25.776440858840942,True,"DETECTED: RSA, DES, MD5, AES",data/test_files/assembly_binary/elliptic_curve_point_operations.s,0,0,0,1759132976.8234959,
elliptic_mathematical_operations,ollama,codellama:7b,assembly_binary,True,True,0.8,4,31.922698974609375,True,"DETECTED: RSA (Evidence: import RSA from Crypto.PublicKey, line 5), DSA (Evidence: import DSA from Crypto.PublicKey, line 7), DES (Evidence: import DES from Crypto.Cipher, line 9), BigInteger (Evidence: import BigInteger from Crypto.Math, line 12)",data/test_files/assembly_binary/elliptic_mathematical_operations.s,0,0,0,1759133008.749033,
ellipticsignature_securehashalgo1_operations,ollama,codellama:7b,assembly_binary,True,True,0.0,0,23.376874923706055,True,No vulnerable crypto algorithms detected.,data/test_files/assembly_binary/ellipticsignature_securehashalgo1_operations.s,0,0,0,1759133032.127858,
feistel_network_operations,ollama,codellama:7b,assembly_binary,False,False,0.0,0,14.161082983016968,False,Failed to parse JSON response,data/test_files/assembly_binary/feistel_network_operations.s,0,0,0,1759133046.289304,
hash_digest_operations,ollama,codellama:7b,assembly_binary,True,True,0.8,6,35.7445330619812,False,"This code contains several potential vulnerabilities related to cryptography, including RSA modular exponentiation and large integer arithmetic patterns, DSA discrete logarithm computation signatures, DES symmetric cipher patterns, BigInteger modular arithmetic operations, and memory allocation for RSA key generation.",data/test_files/assembly_binary/hash_digest_operations.s,0,0,0,1759133082.036213,
keyexchange_protocol_operations,ollama,codellama:7b,assembly_binary,True,True,0.8,5,25.571066856384277,True,"RSA modular exponentiation and large integer arithmetic patterns detected, Discrete logarithm computation signatures (DSA) detected, DES symmetric cipher vulnerable to quantum attacks detected, BigInteger library used for modular arithmetic operations detected, Key generation using RSA detected.",data/test_files/assembly_binary/keyexchange_protocol_operations.s,0,0,0,1759133107.608615,
korean_blockcipher_operations,ollama,codellama:7b,assembly_binary,True,True,0.8,4,27.300039052963257,True,RSA (DSA) and DES detected.,data/test_files/assembly_binary/korean_blockcipher_operations.s,0,0,0,1759133134.910801,
message_digest_128bit_operations,ollama,codellama:7b,assembly_binary,True,True,0.0,0,20.94783115386963,True,No vulnerable cryptographic algorithms detected.,data/test_files/assembly_binary/message_digest_128bit_operations.s,0,0,0,1759133155.8597178,
postquantum_multimodal_operations,,,,False,False,0,0,60.01078200340271,False,,,0,0,0,0,"Ollama API Error for codellama:7b: HTTPConnectionPool(host='localhost', port=11434): Read timed out. (read timeout=60)"
publickey_encryption_operations,ollama,codellama:7b,assembly_binary,True,True,0.8,5,26.224122047424316,True,"DETECTED: RSA, DES, DSA, BigInteger, memory allocation for cryptographic key storage",data/test_files/assembly_binary/publickey_encryption_operations.s,0,0,0,1759133242.0960882,
publickey_modular_operations,ollama,codellama:7b,assembly_binary,True,True,0.8,4,23.244505882263184,True,"RSA modular exponentiation and large integer arithmetic patterns detected, Discrete logarithm computation signatures (DSA) detected.",data/test_files/assembly_binary/publickey_modular_operations.s,0,0,0,1759133265.342528,
publickeyalgo_messagedigest5_operations,ollama,codellama:7b,assembly_binary,True,True,0.8,4,24.366546154022217,True,"DETECTED: RSA, DES, DSA, BigInteger",data/test_files/assembly_binary/publickeyalgo_messagedigest5_operations.s,0,0,0,1759133289.7106628,
rsa_modular_arithmetic,ollama,codellama:7b,assembly_binary,False,False,0.0,0,8.495429992675781,False,Failed to parse JSON response,data/test_files/assembly_binary/rsa_modular_arithmetic.s,0,0,0,1759133298.206597,
secure_hash_256bit_operations,ollama,codellama:7b,assembly_binary,True,True,0.8,4,27.05675983428955,True,"DETECTED: RSA (Evidence: import RSA from Crypto.PublicKey, line 5), DSA (Evidence: import DSA from Crypto.PublicKey, line 10), DES (Evidence: import DES from Crypto.Cipher, line 15), BigInteger (Evidence: import BigInteger from Crypto.Math, line 20)",data/test_files/assembly_binary/secure_hash_256bit_operations.s,0,0,0,1759133325.266152,
stream_generator_operations,ollama,codellama:7b,assembly_binary,False,False,0.0,0,36.70107984542847,False,Failed to parse JSON response,data/test_files/assembly_binary/stream_generator_operations.s,0,0,0,1759133361.967635,
stream_keygeneration_operations,ollama,codellama:7b,assembly_binary,True,True,0.0,0,22.951129913330078,True,No vulnerable crypto algorithms detected.,data/test_files/assembly_binary/stream_keygeneration_operations.s,0,0,0,1759133384.920715,
elliptic_curve_key_exchange,ollama,codellama:7b,dynamic_analysis,True,True,0.8,3,31.8197979927063,True,Detected RSA and ARIA vulnerabilities.,data/test_files/dynamic_analysis/elliptic_curve_key_exchange.json,0,0,0,1759133416.7430122,
legacy_hash_verification,ollama,codellama:7b,dynamic_analysis,True,True,0.8,5,33.355257987976074,True,Detected RSA and RC4 vulnerabilities based on explicit API calls and network traffic analysis.,data/test_files/dynamic_analysis/legacy_hash_verification.json,0,0,0,1759133450.099647,
mobile_crypto_operations,ollama,codellama:7b,dynamic_analysis,True,True,0.8,3,32.43109607696533,True,"DETECTED: RSA (Evidence: import RSA from Crypto.PublicKey, line 5), DETECTED: DES (Evidence: Cipher.DES.new() call, line 15)",data/test_files/dynamic_analysis/mobile_crypto_operations.json,0,0,0,1759133482.532726,
post_quantum_migration_test,ollama,codellama:7b,dynamic_analysis,True,True,0.8,3,32.4844970703125,True,"DETECTED: RSA (Evidence: import RSA from Crypto.PublicKey, line 5), DETECTED: AES (Evidence: Cipher.AES.new() call, line 23)",data/test_files/dynamic_analysis/post_quantum_migration_test.json,0,0,0,1759133515.0190961,
rsa_key_generation_runtime,ollama,codellama:7b,dynamic_analysis,True,True,0.8,5,45.72868013381958,True,"DETECTED: RSA (Evidence: import RSA from Crypto.PublicKey, line 5), DETECTED: AES (Evidence: Cipher.AES.new() call, line 23), DETECTED: large_integer_buffer (Evidence: 0x7f8b40001000, size=2048, type=large_integer_buffer, pattern=mathematical_computation, allocation_hints=prime_number_operations) (line 3), DETECTED: FACTORIZATION_WITH_SYMMETRIC_256_AUTHENTICATED (Evidence: outbound, protocol=secure_transport_layer, cipher_suite=FACTORIZATION_WITH_SYMMETRIC_256_AUTHENTICATED, key_exchange_method=public_key_based_agreement, security_notes=relies_on_mathematical_hardness_assumptions, quantum_resistance=vulnerable_to_period_finding) (line 10)",data/test_files/dynamic_analysis/rsa_key_generation_runtime.json,0,0,0,1759133560.7488,
symmetric_encryption_benchmark,ollama,codellama:7b,dynamic_analysis,True,True,0.8,4,31.82717490196228,True,"DETECTED: RSA, DSA, AES-256",data/test_files/dynamic_analysis/symmetric_encryption_benchmark.json,0,0,0,1759133592.5785081,
cryptographic_operations_detailed,ollama,codellama:7b,logs_config,True,True,0.8,5,34.177695989608765,False,"This system appears to use RSA and DSA for cryptographic operations, which are vulnerable to quantum attacks.",data/test_files/logs_config/cryptographic_operations_detailed.log,0,0,0,1759133626.759146,
enterprise_banking_pki_configuration,ollama,codellama:7b,logs_config,True,True,0.5,3,30.263864994049072,True,"DETECTED: RSA (Evidence: import RSA from Crypto.PublicKey, line 5), DETECTED: AES (Evidence: Cipher.AES.new() call, line 23)",data/test_files/logs_config/enterprise_banking_pki_configuration.conf,0,0,0,1759133657.026026,
nginx_mixed_security_gateway,ollama,codellama:7b,logs_config,True,True,0.8,2,41.78305196762085,True,"DETECTED: RSA (Evidence: import RSA from Crypto.PublicKey, line 5), DETECTED: ECDHE-ECDSA-AES256-GCM-SHA384 (Evidence: ssl_ciphers ECDHE-ECDSA-AES256-GCM-SHA384:ECDHE-RSA-AES256-GCM-SHA384:ECDHE-ECDSA-CHACHA20-POLY1305:ECDHE-RSA-CHACHA20-POLY1305:ECDHE-ECDSA-AES128-GCM-SHA256:ECDHE-RSA-AES128-GCM-SHA256:DHE-RSA-AES256-GCM-SHA384:DHE-RSA-AES128-GCM-SHA256:AES256-GCM-SHA384:AES128-GCM-SHA256; line 17)",data/test_files/logs_config/nginx_mixed_security_gateway.conf,0,0,0,1759133698.811713,
ssl_legacy_banking_configuration,ollama,codellama:7b,logs_config,False,True,0.75,3,25.283561944961548,True,"DETECTED: RSA (Evidence: import RSA from Crypto.PublicKey, line 5), DETECTED: AES (Evidence: Cipher.AES.new() call, line 23)",data/test_files/logs_config/ssl_legacy_banking_configuration.conf,0,0,0,1759133724.097839,
tls_cipher_negotiation_warnings,ollama,codellama:7b,logs_config,True,True,0.8,5,31.13495898246765,True,"DETECTED: RSA-1024 (Evidence: Loading RSA-1024 server certificate from /etc/ssl/server.crt), DETECTED: 3DES (Evidence: 3DES cipher suite enabled - known to be vulnerable), DEPRECATED: MD5 hash function is collision-vulnerable (Evidence: SHA-1 digest algorithm loaded for legacy compatibility)",data/test_files/logs_config/tls_cipher_negotiation_warnings.log,0,0,0,1759133755.234942,
